ID	Name
1	Avani
2	Rohan
3	Anika
4	Ishaan
5	Diya
6	Aditya
7	Riya
8	Aarav
9	Maya
10	Ved
11	Aanya
12	Vivaan
13	Kiara
14	Ayaan
15	Sia
16	Kabir
17	Ira
18	Vihaan
19	Aisha
20	Reyansh
21	Esha
22	Shaurya
23	Zara
24	Mihir
25	Sana
26	Vivaan
27	Aanya
28	Kabir
29	Ira
30	Reyansh
31	Esha
32	Shaurya
33	Zara
34	Mihir
35	Sana
36	Vivaan
37	Aanya
38	Kabir
39	Ira
40	Reyansh
41	Esha
42	Shaurya
43	Zara
44	Mihir
45	Sana
46	Vivaan
47	Aanya
48	Kabir
49	Ira
50	Reyansh
51	Esha
52	Shaurya
53	Zara
54	Mihir
55	Sana
56	Vivaan
57	Aanya
58	Kabir
59	Ira
60	Reyansh
61	Esha
62	Shaurya
63	Zara
64	Mihir
65	Sana
66	Vivaan
67	Aanya
68	Kabir
69	Ira
70	Reyansh
71	Esha
72	Shaurya
73	Zara
74	Mihir
75	Sana
76	Vivaan
77	Aanya
78	Kabir
79	Ira
80	Reyansh
81	Esha
82	Shaurya
83	Zara
84	Mihir
85	Sana
86	Vivaan
87	Aanya
88	Kabir
89	Ira
90	Reyansh